{
  "test_loss": 1.371999740600586,
  "test_accuracy": 0.6526467204093933,
  "macro_f1": 0.6077017791075876,
  "weighted_f1": 0.6795194907374407,
  "num_classes": 21,
  "labels": [
    "30BP",
    "30DBP",
    "45DBP",
    "AIDBC",
    "APULL",
    "CGCR",
    "CGOCTE",
    "DLR",
    "DSP",
    "DWC",
    "IDBC",
    "MGTBR",
    "MIBP",
    "MSP",
    "MTE",
    "NGCR",
    "PREC",
    "SACLR",
    "SAOCTE",
    "SAODTE",
    "SBLP"
  ],
  "confusion_matrix": [
    [
      0,
      0,
      0,
      0,
      0,
      0,
      0,
      0,
      0,
      0,
      0,
      0,
      0,
      0,
      0,
      0,
      0,
      0,
      0,
      0
    ],
    [
      86,
      259,
      85,
      31,
      38,
      0,
      14,
      86,
      7,
      21,
      3,
      0,
      0,
      133,
      3,
      14,
      10,
      6,
      3,
      0
    ],
    [
      0,
      0,
      0,
      0,
      0,
      0,
      0,
      0,
      0,
      0,
      0,
      0,
      0,
      0,
      0,
      0,
      0,
      0,
      0,
      0
    ],
    [
      0,
      0,
      0,
      0,
      0,
      0,
      0,
      0,
      0,
      0,
      0,
      0,
      0,
      0,
      0,
      0,
      0,
      0,
      0,
      0
    ],
    [
      6,
      1,
      8,
      2,
      383,
      0,
      0,
      0,
      0,
      0,
      2,
      1,
      0,
      2,
      0,
      0,
      0,
      0,
      0,
      0
    ],
    [
      17,
      10,
      20,
      15,
      6,
      125,
      1,
      0,
      0,
      4,
      1,
      0,
      0,
      131,
      115,
      0,
      7,
      0,
      5,
      0
    ],
    [
      0,
      0,
      4,
      4,
      2,
      0,
      95,
      2,
      0,
      6,
      1,
      0,
      0,
      0,
      0,
      0,
      0,
      0,
      0,
      0
    ],
    [
      0,
      62,
      21,
      7,
      11,
      0,
      0,
      433,
      0,
      2,
      2,
      0,
      0,
      0,
      0,
      0,
      0,
      0,
      11,
      0
    ],
    [
      0,
      0,
      0,
      0,
      0,
      0,
      0,
      1,
      127,
      0,
      1,
      0,
      0,
      0,
      0,
      2,
      0,
      0,
      2,
      0
    ],
    [
      1,
      11,
      5,
      202,
      27,
      0,
      3,
      10,
      0,
      293,
      5,
      0,
      0,
      7,
      0,
      22,
      0,
      0,
      0,
      0
    ],
    [
      4,
      0,
      0,
      0,
      7,
      0,
      0,
      0,
      0,
      0,
      274,
      0,
      1,
      1,
      0,
      0,
      0,
      0,
      0,
      0
    ],
    [
      0,
      0,
      0,
      0,
      5,
      0,
      0,
      0,
      0,
      0,
      2,
      54,
      7,
      0,
      0,
      0,
      0,
      0,
      0,
      0
    ],
    [
      0,
      0,
      0,
      0,
      0,
      0,
      0,
      0,
      0,
      0,
      0,
      19,
      87,
      0,
      0,
      0,
      0,
      0,
      2,
      0
    ],
    [
      6,
      0,
      4,
      0,
      2,
      0,
      1,
      0,
      0,
      0,
      1,
      0,
      0,
      3,
      0,
      1,
      0,
      119,
      3,
      0
    ],
    [
      0,
      0,
      0,
      0,
      0,
      2,
      0,
      0,
      0,
      0,
      3,
      0,
      0,
      0,
      152,
      0,
      0,
      0,
      0,
      0
    ],
    [
      1,
      1,
      5,
      1,
      1,
      1,
      4,
      0,
      2,
      12,
      2,
      0,
      0,
      3,
      1,
      111,
      0,
      0,
      0,
      1
    ],
    [
      16,
      0,
      6,
      1,
      0,
      0,
      80,
      0,
      0,
      1,
      0,
      0,
      0,
      0,
      1,
      1,
      272,
      0,
      0,
      1
    ],
    [
      2,
      0,
      0,
      0,
      0,
      0,
      0,
      0,
      0,
      2,
      0,
      2,
      1,
      2,
      0,
      0,
      0,
      289,
      0,
      0
    ],
    [
      0,
      1,
      0,
      0,
      13,
      0,
      0,
      0,
      2,
      0,
      0,
      2,
      0,
      1,
      0,
      0,
      0,
      0,
      139,
      0
    ],
    [
      2,
      0,
      0,
      0,
      2,
      0,
      0,
      0,
      1,
      0,
      0,
      0,
      0,
      0,
      0,
      0,
      0,
      0,
      0,
      85
    ]
  ],
  "classification_report": {
    "30BP": {
      "precision": 0.0,
      "recall": 0.0,
      "f1-score": 0.0,
      "support": 0.0
    },
    "30DBP": {
      "precision": 0.7507246376811594,
      "recall": 0.3241551939924906,
      "f1-score": 0.4527972027972028,
      "support": 799.0
    },
    "45DBP": {
      "precision": 0.0,
      "recall": 0.0,
      "f1-score": 0.0,
      "support": 0.0
    },
    "AIDBC": {
      "precision": 0.0,
      "recall": 0.0,
      "f1-score": 0.0,
      "support": 0.0
    },
    "APULL": {
      "precision": 0.7706237424547284,
      "recall": 0.945679012345679,
      "f1-score": 0.8492239467849224,
      "support": 405.0
    },
    "CGCR": {
      "precision": 0.9765625,
      "recall": 0.2735229759299781,
      "f1-score": 0.42735042735042733,
      "support": 457.0
    },
    "CGOCTE": {
      "precision": 0.0,
      "recall": 0.0,
      "f1-score": 0.0,
      "support": 0.0
    },
    "DLR": {
      "precision": 0.4797979797979798,
      "recall": 0.8333333333333334,
      "f1-score": 0.6089743589743589,
      "support": 114.0
    },
    "DSP": {
      "precision": 0.8139097744360902,
      "recall": 0.7887067395264117,
      "f1-score": 0.8011100832562442,
      "support": 549.0
    },
    "DWC": {
      "precision": 0.9136690647482014,
      "recall": 0.9548872180451128,
      "f1-score": 0.9338235294117647,
      "support": 133.0
    },
    "IDBC": {
      "precision": 0.8592375366568915,
      "recall": 0.5,
      "f1-score": 0.6321467098166127,
      "support": 586.0
    },
    "MGTBR": {
      "precision": 0.9225589225589226,
      "recall": 0.9547038327526133,
      "f1-score": 0.9383561643835616,
      "support": 287.0
    },
    "MIBP": {
      "precision": 0.6923076923076923,
      "recall": 0.7941176470588235,
      "f1-score": 0.7397260273972602,
      "support": 68.0
    },
    "MSP": {
      "precision": 0.90625,
      "recall": 0.8055555555555556,
      "f1-score": 0.8529411764705882,
      "support": 108.0
    },
    "MTE": {
      "precision": 0.01060070671378092,
      "recall": 0.02142857142857143,
      "f1-score": 0.014184397163120567,
      "support": 140.0
    },
    "NGCR": {
      "precision": 0.5588235294117647,
      "recall": 0.9681528662420382,
      "f1-score": 0.7086247086247086,
      "support": 157.0
    },
    "PREC": {
      "precision": 0.7350993377483444,
      "recall": 0.7602739726027398,
      "f1-score": 0.7474747474747475,
      "support": 146.0
    },
    "SACLR": {
      "precision": 0.9411764705882353,
      "recall": 0.7176781002638523,
      "f1-score": 0.8143712574850299,
      "support": 379.0
    },
    "SAOCTE": {
      "precision": 0.6980676328502415,
      "recall": 0.9697986577181208,
      "f1-score": 0.8117977528089888,
      "support": 298.0
    },
    "SAODTE": {
      "precision": 0.8424242424242424,
      "recall": 0.879746835443038,
      "f1-score": 0.8606811145510835,
      "support": 158.0
    },
    "SBLP": {
      "precision": 0.9770114942528736,
      "recall": 0.9444444444444444,
      "f1-score": 0.96045197740113,
      "support": 90.0
    },
    "accuracy": 0.6526466967583094,
    "macro avg": {
      "precision": 0.6118497745062452,
      "recall": 0.5921992836515619,
      "f1-score": 0.5787635991500834,
      "support": 4874.0
    },
    "weighted avg": {
      "precision": 0.7954082096028958,
      "recall": 0.6526466967583094,
      "f1-score": 0.6795194907374406,
      "support": 4874.0
    }
  },
  "epochs_trained": 25,
  "best_val_accuracy": 0.738095223903656,
  "best_val_loss": 1.5918811559677124,
  "hyperparameters": {
    "epochs": 100,